2371 Jerrold Ave,Kulpsville,PA,19443
37275 St  Rt 17m M,Middle Island,NY,11953
25 E 75th St #69,Los Angeles,CA,90034
98 Connecticut Ave Nw,Chagrin Falls,OH,44023
56 E Morehead St,Laredo,TX,78045
73 State Road 434 E,Phoenix,AZ,85013
69734 E Carrillo St,Mc Minnville,TN,37110
322 New Horizon Blvd,Milwaukee,WI,53207
1 State Route 27,Taylor,MI,48180
394 Manchester Blvd,Rockford,IL,61109
6 S 33rd St,Aston,PA,19014
6 Greenleaf Ave,San Jose,CA,95111
618 W Yakima Ave,Irving,TX,75062
74 S Westgate St,Albany,NY,12204
3273 State St,Middlesex,NJ,8846
1 Central Ave,Stevens Point,WI,54481
86 Nw 66th St #8673,Shawnee,KS,66218
2 Cedar Ave #84,Easton,MD,21601
90991 Thorburn Ave,New York,NY,10011
386 9th Ave N,Conroe,TX,77301
74874 Atlantic Ave,Columbus,OH,43215
366 South Dr,Las Cruces,NM,88011
45 E Liberty St,Ridgefield Park,NJ,7660
4 Ralph Ct,Dunellen,NJ,8812
2742 Distribution Way,New York,NY,10025
426 Wolf St,Metairie,LA,70002
128 Bransten Rd,New York,NY,10011
17 Morena Blvd,Camarillo,CA,93012
775 W 17th St,San Antonio,TX,78204
6980 Dorsett Rd,Abilene,KS,67410
2881 Lewis Rd,Prineville,OR,97754
7219 Woodfield Rd,Overland Park,KS,66204
1048 Main St,Fairbanks,AK,99708
678 3rd Ave,Miami,FL,33196
20 S Babcock St,Fairbanks,AK,99712
2 Lighthouse Ave,Hopkins,MN,55343
38938 Park Blvd,Boston,MA,2128
5 Tomahawk Dr,Los Angeles,CA,90006
762 S Main St,Madison,WI,53711
209 Decker Dr,Philadelphia,PA,19132
4486 W O St #1,New York,NY,10003
39 S 7th St,Tullahoma,TN,37388
98839 Hawthorne Blvd #6101,Columbia,SC,29201
71 San Mateo Ave,Wayne,PA,19087
76 Brooks St #9,Flemington,NJ,8822
4545 Courthouse Rd,Westbury,NY,11590
14288 Foster Ave #4121,Jenkintown,PA,19046
4 Otis St,Van Nuys,CA,91405
65895 S 16th St,Providence,RI,2909
14302 Pennsylvania Ave,Huntingdon Valley,PA,19006
201 Hawk Ct,Providence,RI,2904
53075 Sw 152nd Ter #615,Monroe Township,NJ,8831
59 N Groesbeck Hwy,Austin,TX,78731
2664 Lewis Rd,Littleton,CO,80126
59 Shady Ln #53,Milwaukee,WI,53214
3305 Nabell Ave #679,New York,NY,10009
18 Fountain St,Anchorage,AK,99515
7 W 32nd St,Erie,PA,16502
2853 S Central Expy,Glen Burnie,MD,21061
74 W College St,Boise,ID,83707
701 S Harrison Rd,San Francisco,CA,94104
1088 Pinehurst St,Chapel Hill,NC,27514
30 W 80th St #1995,San Carlos,CA,94070
20932 Hedley St,Concord,CA,94520
2737 Pistorio Rd #9230,London,OH,43140
74989 Brandon St,Wellsville,NY,14895
6 Kains Ave,Baltimore,MD,21215
47565 W Grand Ave,Newark,NJ,7105
4284 Dorigo Ln,Chicago,IL,60647
6794 Lake Dr E,Newark,NJ,7104
31 Douglas Blvd #950,Clovis,NM,88101
44 W 4th St,Staten Island,NY,10309
11279 Loytan St,Jacksonville,FL,32254
69 Marquette Ave,Hayward,CA,94545
70 W Main St,Beachwood,OH,44122
461 Prospect Pl #316,Euless,TX,76040
47154 Whipple Ave Nw,Gardena,CA,90247
37 Alabama Ave,Evanston,IL,60201
3777 E Richmond St #900,Akron,OH,44302
3 Fort Worth Ave,Philadelphia,PA,19106
4800 Black Horse Pike,Burlingame,CA,94010
83649 W Belmont Ave,San Gabriel,CA,91776
840 15th Ave,Waco,TX,76708
1747 Calle Amanecer #2,Anchorage,AK,99501
99385 Charity St #840,San Jose,CA,95110
68556 Central Hwy,San Leandro,CA,94577
55 Riverside Ave,Indianapolis,IN,46202
